"Product Name","Slug","Category","Price (£)","Compare at Price (£)","In Stock","Sizes","Available Colors","Description","Scripture Reference","Care Instructions","Size Guide Type","SEO Meta Title","SEO Meta Description","Published"
"Faith Over Fear Christian Hoodie","faith-over-fear-christian-hoodie","Hoodies",32.00,,true,"S, M, L, XL, 2XL","Black, Heather Grey, Sand / Natural","Our signature Faith Over Fear Christian hoodie is crafted from premium heavyweight organic cotton blend fabric. Designed for warmth, comfort, and bold testimony, this hoodie serves as a constant reminder that God has not given us a spirit of fear, but of power, love, and a sound mind.","Psalm 118:6 — 'The Lord is on my side; I will not fear.'","Machine wash at 30°C inside out. Do not tumble dry.","Unisex Hoodie","Faith Over Fear Christian Hoodie | Adoptd Clothing UK","Shop the Faith Over Fear heavyweight Christian hoodie. Premium unisex faith apparel designed to spark gospel conversations.",true
"He Left the 99 Christian Hoodie","he-left-the-99-christian-hoodie","Hoodies",32.00,,true,"S, M, L, XL, 2XL","Black, Heather Grey, Navy","A powerful reminder of the relentless love of the Good Shepherd who leaves the ninety-nine to pursue the one lost sheep. Heavyweight fleece with ribbed cuffs and hem.","Luke 15:4 — 'What man among you, if he has a hundred sheep and loses one, does not leave the ninety-nine... and go after the lost one?'","Machine wash 30°C inside out with like colours.","Unisex Hoodie","He Left the 99 Christian Hoodie | Adoptd Clothing UK","Cozy Christian hoodie carrying the Luke 15 message of Jesus pursuing the lost one.",true
"Need Prayer Christian Hoodie","need-prayer-christian-hoodie","Hoodies",32.00,,true,"S, M, L, XL, 2XL","Black, Sand / Natural, Heather Grey","A walking invitation for ministry and fellowship. Wearing this hoodie lets people around you know you are open and ready to pray with them wherever you go.","James 5:16 — 'Pray for one another, that you may be healed.'","Machine wash inside out at 30°C.","Unisex Hoodie","Need Prayer Christian Hoodie | Faith Apparel UK","Start prayer conversations wherever you go with the Need Prayer Christian hoodie.",true
"Pray Christian Hoodie","pray-christian-hoodie","Hoodies",32.00,,true,"S, M, L, XL, 2XL","Black, Heather Grey, White","Minimalist typography with a timeless message: Pray without ceasing. Soft brushed interior for all-day comfort and warmth.","1 Thessalonians 5:17 — 'Pray without ceasing.'","Wash inside out at 30°C. Do not iron directly on print.","Unisex Hoodie","Pray Christian Hoodie | Adoptd Clothing UK","Minimalist Christian hoodie designed in the UK for believers.",true
"Amazing Grace Christian Hoodie","amazing-grace-christian-hoodie","Hoodies",32.00,38.00,true,"S, M, L, XL, 2XL","Heather Grey, Black, Sand / Natural","Our iconic Amazing Grace hoodie reminding you of God's unearned, undeserved favor. Ethically crafted heavyweight fleece.","Ephesians 2:8-9 — 'For by grace you have been saved through faith.'","Machine wash 30°C inside out. Air dry recommended.","Unisex Hoodie","Amazing Grace Christian Hoodie | Adoptd Clothing UK","Wrap yourself in grace. Heavyweight Christian hoodie designed to start conversations.",true
"Faith Over Fear Christian T-Shirt UK – Psalm 118:6 Bible Verse T-Shirt","faith-over-fear-christian-t-shirt","T-Shirts",19.99,,true,"S, M, L, XL, 2XL","Black, White, Forest Green","Breathable 100% combed ringspun cotton tee with bold typography declaring Faith Over Fear across the front and rear backprint.","Psalm 118:6 — 'The Lord is on my side; I will not fear.'","Wash inside out at 30°C.","Unisex T-Shirt","Faith Over Fear Christian T-Shirt UK | Adoptd Clothing","Premium organic cotton Christian t-shirt carrying Psalm 118:6.",true
"Pray Christian T-Shirt","pray-christian-t-shirt","T-Shirts",19.99,,true,"S, M, L, XL, 2XL","Black, White, Heather Grey","Clean graphic faith tee designed to encourage disciples to deepen their personal prayer life daily.","1 Thessalonians 5:17 — 'Pray continually.'","Machine wash cold inside out.","Unisex T-Shirt","Pray Christian T-Shirt | Faith Graphic Tee UK","Shop the Pray graphic Christian t-shirt made with soft organic cotton.",true
"Christian Prayer T-Shirt – “Need Prayer?” Faith T-Shirt UK","need-prayer-christian-t-shirt","T-Shirts",19.99,,true,"S, M, L, XL, 2XL","Black, White, Navy","Gentle outreach t-shirt inviting those in distress or needing hope to ask for prayer in everyday public spaces.","Philippians 4:6 — 'In every situation, by prayer and petition, present your requests to God.'","Wash inside out at 30°C.","Unisex T-Shirt","Need Prayer Christian T-Shirt UK | Adoptd Clothing","Spread light and offer prayer with the Need Prayer graphic faith tee.",true
"The Lord Is My Light Christian T-Shirt – Psalm 27:1","the-lord-is-my-light-christian-t-shirt","T-Shirts",19.99,,true,"S, M, L, XL, 2XL","Black, White, Sand / Natural","Minimalist sun and scripture emblem illustrating Psalm 27:1. Premium retail fit with soft ribbed collar.","Psalm 27:1 — 'The Lord is my light and my salvation—whom shall I fear?'","Wash cold inside out.","Unisex T-Shirt","The Lord Is My Light Christian T-Shirt | Psalm 27:1","Wear the light of Christ with this Psalm 27:1 organic faith tee.",true
"He Left the 99 Christian T-Shirt","he-left-the-99-christian-t-shirt","T-Shirts",19.99,,true,"S, M, L, XL, 2XL","Black, White, Forest Green","A wearable testimony to Jesus Christ who leaves the ninety-nine to rescue the one wandering sheep.","Matthew 18:12 — 'If a man owns a hundred sheep, and one of them wanders away...'","Wash inside out at 30°C.","Unisex T-Shirt","He Left the 99 Christian T-Shirt | Adoptd Clothing","Discover the He Left the 99 Christian t-shirt designed in the UK.",true
"Faith Can Move Mountains Christian T-Shirt","faith-can-move-mountains-christian-t-shirt","T-Shirts",19.99,,true,"S, M, L, XL, 2XL","Black, White, Sand / Natural","Hand-drawn mountain line art and bold faith declaration reminding you that even mustard-seed faith moves mountains.","Matthew 17:20 — 'Truly I tell you, if you have faith as small as a mustard seed...'","Machine wash at 30°C inside out.","Unisex T-Shirt","Faith Can Move Mountains Christian T-Shirt | Adoptd Clothing","Faith Can Move Mountains t-shirt inspired by Matthew 17:20.",true
"Jesus Christian T-Shirt","jesus-christian-t-shirt","T-Shirts",19.99,,true,"S, M, L, XL, 2XL","Black, White, Heather Grey","The name above all names. Clean, bold typography proclaiming Jesus as the centre of all we are and do.","Philippians 2:9 — 'God exalted him to the highest place and gave him the name that is above every name.'","Machine wash 30°C inside out.","Unisex T-Shirt","Jesus Christian T-Shirt | Christian Clothing UK","Clean Jesus Christian t-shirt crafted from 100% organic combed cotton.",true
"He Makes All Things New Tote Bag","he-makes-all-things-new-tote-bag","Tote Bags",12.00,,true,"One Size","Natural Canvas, Black","100% natural heavy organic canvas bag featuring the declaration 'He Makes All Things New'. Long shoulder straps and reinforced cross-stitching.","Revelation 21:5 — 'Behold, I am making all things new.'","Wipe clean or gentle cold hand wash.","Tote Bag","He Makes All Things New Tote Bag | Adoptd Clothing","Eco-friendly 100% cotton Christian tote bag for study books and daily errands.",true
"The True Vine Tote Bag","the-true-vine-tote-bag","Tote Bags",12.00,,true,"One Size","Natural Canvas","Botanical branch illustration and scripture typography reminding us of remaining rooted and connected in Jesus Christ.","John 15:5 — 'I am the vine; you are the branches.'","Hand wash in cold water.","Tote Bag","The True Vine Tote Bag | Christian Bags UK","Shop The True Vine canvas tote bag inspired by John 15.",true
"More of Him Less of Me Tote Bag","more-of-him-less-of-me-tote-bag","Tote Bags",12.00,,true,"One Size","Natural Canvas","Spacious, durable 300gsm canvas tote carrying John the Baptist's humble discipleship prayer.","John 3:30 — 'He must increase, but I must decrease.'","Spot clean with a damp cloth.","Tote Bag","More of Him Less of Me Tote Bag | Adoptd Clothing","John 3:30 inspired canvas tote bag. Simple faith statements for intentional living.",true
"Amazing Grace Tote Bag","amazing-grace-tote-bag","Tote Bags",12.00,,true,"One Size","Natural Canvas, Black","Classic heavyweight Christian tote bag bearing the eternal anthem of grace. Comfortable long handles for everyday shoulder carry.","Ephesians 2:8 — 'For by grace you have been saved through faith.'","Spot clean or hand wash cold.","Tote Bag","Amazing Grace Tote Bag | Adoptd Christian Clothing","Heavy canvas Amazing Grace tote bag made for church, study, and daily shopping.",true
